<?xml version="1.0" encoding="UTF-8"?>
<project-private xmlns="http://www.netbeans.org/ns/project-private/1">
    <editor-bookmarks xmlns="http://www.netbeans.org/ns/editor-bookmarks/2" lastBookmarkId="0"/>
    <open-files xmlns="http://www.netbeans.org/ns/projectui-open-files/2">
        <group>
            <file>file:/C:/Users/Kawista/Downloads/SLibrary%20(Author_Publisher_Updated)%20-Timo%20(1)/SLibrary/src/SLibrary/Main.java</file>
            <file>file:/C:/Users/Kawista/Downloads/SLibrary%20(Author_Publisher_Updated)%20-Timo%20(1)/SLibrary/src/database/dbconnection.java</file>
            <file>file:/C:/Users/Kawista/Downloads/SLibrary%20(Author_Publisher_Updated)%20-Timo%20(1)/SLibrary/src/SLibrary/DBCConnect.java</file>
            <file>file:/C:/Users/Kawista/Downloads/SLibrary%20(Author_Publisher_Updated)%20-Timo%20(1)/SLibrary/src/SLibrary/Book.java</file>
            <file>file:/C:/Users/Kawista/Downloads/SLibrary%20(Author_Publisher_Updated)%20-Timo%20(1)/SLibrary/src/SLibrary/Author.java</file>
        </group>
    </open-files>
</project-private>
